Model,CV_Mean_RMSE,CV_Std_RMSE,CV_Min_RMSE,CV_Max_RMSE
Random Forest,5.878873740534208,0.44547625528573254,5.173610488752522,6.424170888798012
XGBoost,5.8918291447552305,0.42606148619491857,5.2102475543714615,6.3349221360910395
LightGBM,5.963237420610376,0.4301463851845252,5.2736473610033805,6.406148191130886
