Model,Train_RMSE,Test_RMSE,Train_MAE,Test_MAE,Train_R2,Test_R2,Test_MAPE,Test_Max_Error,Test_Mean_Error
Neural Network,5.489181712870888,5.95300486832516,4.050927920251396,4.397429533852144,0.9611068298727173,0.9643718466328617,9.459197049648584,42.88126438712155,-0.11967344474582332
Random Forest,4.9425275391749715,6.425334788006833,3.750644683958157,4.78903030916932,0.9684676510987335,0.958493858703999,10.00199938472597,51.66373021612992,0.0423871192523225
XGBoost,5.885285962310324,6.441877936892019,4.511718524910653,4.918738920605247,0.9552911520004272,0.9582798480987549,10.269274796565542,53.103057861328125,0.06909961239496867
LightGBM,5.987263946898829,6.5443817274626515,4.589391263611536,4.9989365864474635,0.9537283553233263,0.9569415805121513,10.420546137864257,57.67303749276451,0.05995648355826528
Ridge,7.08822876207286,7.758984691188246,5.4555601098835576,5.937969307839375,0.9351464762064029,0.9394755812049603,12.214239727521479,51.07731150083495,-0.1444359949186659
Linear Regression,7.088228320697559,7.759036364040577,5.455543382438299,5.938054834704518,0.9351464842831012,0.9394747750479969,12.215355049380312,51.07258439317695,-0.14816254195944084
