Model,Train_RMSE,Test_RMSE,Train_MAE,Test_MAE,Train_R2,Test_R2,RMSE_Diff,R2_Diff
Neural Network,5.489181712870888,5.95300486832516,4.050927920251396,4.397429533852144,0.9611068298727173,0.9643718466328617,-0.4638231554542722,-0.003265016760144346
Random Forest,4.9425275391749715,6.425334788006833,3.750644683958157,4.78903030916932,0.9684676510987335,0.958493858703999,-1.482807248831862,0.009973792394734504
XGBoost,5.885285962310324,6.441877936892019,4.511718524910653,4.918738920605247,0.9552911520004272,0.9582798480987549,-0.5565919745816945,-0.0029886960983276367
LightGBM,5.987263946898829,6.5443817274626515,4.589391263611536,4.9989365864474635,0.9537283553233263,0.9569415805121513,-0.5571177805638223,-0.003213225188824942
Ridge,7.08822876207286,7.758984691188246,5.4555601098835576,5.937969307839375,0.9351464762064029,0.9394755812049603,-0.6707559291153862,-0.0043291049985574315
Linear Regression,7.088228320697559,7.759036364040577,5.455543382438299,5.938054834704518,0.9351464842831012,0.9394747750479969,-0.6708080433430181,-0.004328290764895715
